==> chicago-crimes-2018.tsv <==
﻿ID	Case Number	Date	Block	IUCR	Primary Type	Description	Location Description	Arrest	Domestic	Beat	District	Ward	Community Area	FBI Code	X Coordinate	Y Coordinate	Year	Updated On	Latitude	Longitude	Location
11646166	JC213529	09/01/2018 12:01:00 AM	082XX S INGLESIDE AVE	0810	THEFT	OVER $500	RESIDENCE	false	true	0631	006	8	44	06			2018	04/06/2019 04:04:43 PM			
11645648	JC212959	01/01/2018 08:00:00 AM	024XX N MONITOR AVE	1153	DECEPTIVE PRACTICE	FINANCIAL IDENTITY THEFT OVER $ 300	RESIDENCE	false	false	2515	025	30	19	11			2018	04/06/2019 04:04:43 PM			
11645959	JC211511	12/20/2018 04:00:00 PM	045XX N ALBANY AVE	2820	OTHER OFFENSE	TELEPHONE THREAT	RESIDENCE	false	false	1724	017	33	14	08A			2018	04/06/2019 04:04:43 PM			
11645557	JC212685	04/01/2018 12:01:00 AM	080XX S VERNON AVE	1153	DECEPTIVE PRACTICE	FINANCIAL IDENTITY THEFT OVER $ 300	RESIDENCE	false	false	0631	006	6	44	11			2018	04/06/2019 04:04:43 PM			
11646293	JC213749	12/20/2018 03:00:00 PM	023XX N LOCKWOOD AVE	1154	DECEPTIVE PRACTICE	FINANCIAL IDENTITY THEFT $300 AND UNDER	APARTMENT	false	false	2515	025	36	19	11			2018	04/06/2019 04:04:43 PM			
11645568	JC212803	12/18/2018 11:00:00 AM	032XX N WILTON AVE	1153	DECEPTIVE PRACTICE	FINANCIAL IDENTITY THEFT OVER $ 300	RESIDENCE	false	false	1924	019	44	6	11			2018	04/06/2019 04:04:43 PM			
11223717	JB141803	02/04/2018 03:25:00 PM	044XX W WASHINGTON BLVD	1153	DECEPTIVE PRACTICE	FINANCIAL IDENTITY THEFT OVER $ 300		false	false	1113	011	28	26	11			2018	02/11/2018 03:57:41 PM			
11646766	JC214025	01/01/2018 09:10:00 AM	019XX N KENMORE AVE	1153	DECEPTIVE PRACTICE	FINANCIAL IDENTITY THEFT OVER $ 300		false	false	1811	018	43	7	11			2018	04/07/2019 04:05:59 PM			
11243511	JB168893	02/20/2018 04:21:00 PM	005XX W ARLINGTON PL	0820	THEFT	$500 AND UNDER	RESIDENCE PORCH/HALLWAY	false	false	1935	019	43	7	06			2018	03/01/2018 03:54:55 PM			

==> chicago-crimes-2019.tsv <==
﻿ID	Case Number	Date	Block	IUCR	Primary Type	Description	Location Description	Arrest	Domestic	Beat	District	Ward	Community Area	FBI Code	X Coordinate	Y Coordinate	Year	Updated On	Latitude	Longitude	Location
11864018	JC476123	09/24/2019 08:00:00 AM	022XX S MICHIGAN AVE	1154	DECEPTIVE PRACTICE	FINANCIAL IDENTITY THEFT $300 AND UNDER	COMMERCIAL / BUSINESS OFFICE	false	false	0132	001	3	33	11	1177560	1889548	2019	10/20/2019 03:56:02 PM	41.852248185	-87.623786256	(41.852248185, -87.623786256)
11859805	JC471592	10/13/2019 08:30:00 PM	024XX W CHICAGO AVE	0860	THEFT	RETAIL THEFT	GROCERY FOOD STORE	false	false	1221	012	26	24	06	1160005	1905256	2019	10/20/2019 04:03:03 PM	41.895732399	-87.687784384	(41.895732399, -87.687784384)
11863808	JC476236	10/05/2019 06:30:00 PM	0000X N LOOMIS ST	0810	THEFT	OVER $500	RESIDENCE	false	false	1224	012	27	28	06	1166986	1900306	2019	10/20/2019 03:56:02 PM	41.88200224	-87.662286977	(41.88200224, -87.662286977)
11859727	JC471542	10/13/2019 07:00:00 PM	016XX W ADDISON ST	1320	CRIMINAL DAMAGE	TO VEHICLE	STREET	false	false	1922	019	47	6	14	1164930	1923972	2019	10/20/2019 04:03:03 PM	41.946987144	-87.669163602	(41.946987144, -87.669163602)
11859656	JC471240	10/13/2019 02:10:00 PM	051XX N BROADWAY	0560	ASSAULT	SIMPLE	GAS STATION	false	false	2033	020	47	3	08A	1167380	1934505	2019	10/20/2019 04:03:03 PM	41.975837637	-87.659853835	(41.975837637, -87.659853835)
11859827	JC471571	10/13/2019 07:50:00 PM	011XX W JACKSON BLVD	0860	THEFT	RETAIL THEFT	APPLIANCE STORE	true	false	1232	012	25	28	06	1168933	1898798	2019	10/20/2019 04:03:03 PM	41.877822179	-87.655181405	(41.877822179, -87.655181405)
11859127	JC470662	10/13/2019 12:05:00 AM	064XX S VERNON AVE	0486	BATTERY	DOMESTIC BATTERY SIMPLE	APARTMENT	false	true	0312	003	20	42	08B	1180357	1862449	2019	10/20/2019 04:03:03 PM	41.777822474	-87.614352775	(41.777822474, -87.614352775)
11859142	JC470769	10/13/2019 03:03:00 AM	070XX S EGGLESTON AVE	1310	CRIMINAL DAMAGE	TO PROPERTY	RESIDENCE PORCH/HALLWAY	false	true	0732	007	6	68	14	1174496	1858271	2019	10/20/2019 04:03:03 PM	41.766490026	-87.635963402	(41.766490026, -87.635963402)
11859444	JC470982	10/13/2019 08:00:00 AM	065XX S DR MARTIN LUTHER KING JR DR	0486	BATTERY	DOMESTIC BATTERY SIMPLE	APARTMENT	false	true	0312	003	20	69	08B	1180044	1861796	2019	10/20/2019 04:03:03 PM	41.776037752	-87.615520212	(41.776037752, -87.615520212)

==> chicago-crimes-2020.tsv <==
﻿ID	Case Number	Date	Block	IUCR	Primary Type	Description	Location Description	Arrest	Domestic	Beat	District	Ward	Community Area	FBI Code	X Coordinate	Y Coordinate	Year	Updated On	Latitude	Longitude	Location
12014684	JD189901	03/17/2020 09:30:00 PM	039XX N LECLAIRE AVE	0820	THEFT	$500 AND UNDER	STREET	false	false	1634	016	45	15	06	1141659	1925649	2020	03/25/2020 03:45:43 PM	41.952051946	-87.754660372	(41.952051946, -87.754660372)
12012127	JD189186	03/18/2020 02:03:00 AM	039XX W JACKSON BLVD	0910	MOTOR VEHICLE THEFT	AUTOMOBILE	APARTMENT	false	true	1132	011	28	26	07	1150196	1898398	2020	03/25/2020 03:47:29 PM	41.877110187	-87.723989719	(41.877110187, -87.723989719)
12012330	JD189367	03/18/2020 08:50:00 AM	023XX N KEELER AVE	0560	ASSAULT	SIMPLE	RESIDENCE	false	false	2525	025	35	20	08A	1147996	1915240	2020	03/25/2020 03:47:29 PM	41.923368973	-87.731633833	(41.923368973, -87.731633833)
12014760	JD192130	03/18/2020 01:00:00 PM	047XX W MONROE ST	1150	DECEPTIVE PRACTICE	CREDIT CARD FRAUD	OTHER (SPECIFY)	false	false	1113	011	28	25	11	1144749	1899145	2020	03/25/2020 03:47:29 PM	41.879264422	-87.743970898	(41.879264422, -87.743970898)
12012667	JD189808	03/18/2020 05:35:00 PM	003XX S CICERO AVE	2017	NARCOTICS	MANUFACTURE / DELIVER - CRACK	SIDEWALK	true	false	1533	015	28	25	18	1144446	1898000	2020	03/25/2020 03:47:29 PM	41.876128106	-87.745112291	(41.876128106, -87.745112291)
12015216	JD192637	03/16/2020 12:05:00 AM	049XX S CALUMET AVE	0820	THEFT	$500 AND UNDER	STREET	false	false	0224	002	3	38	06	1179270	1872264	2020	03/25/2020 03:45:43 PM	41.804780628	-87.618038332	(41.804780628, -87.618038332)
12016052	JD193500	03/18/2020 11:15:00 PM	009XX W MONTANA ST	1320	CRIMINAL DAMAGE	TO VEHICLE	RESIDENCE	false	false	1932	019	43	7	14			2020	03/25/2020 03:47:29 PM			
12012728	JD189837	03/18/2020 06:00:00 PM	015XX S ST LOUIS AVE	031A	ROBBERY	ARMED - HANDGUN	STREET	false	false	1021	010	24	29	03	1153287	1892239	2020	03/25/2020 03:47:29 PM	41.860148433	-87.712803862	(41.860148433, -87.712803862)
12012604	JD189554	03/18/2020 02:04:00 PM	103XX S OGLESBY AVE	0498	BATTERY	AGG. DOMESTIC BATTERY - HANDS, FISTS, FEET, SERIOUS INJURY	RESIDENCE	false	true	0434	004	7	51	04B	1193852	1836954	2020	03/25/2020 03:47:29 PM	41.707541767	-87.565714381	(41.707541767, -87.565714381)

==> chicago-crimes-2021.tsv <==
﻿ID	Case Number	Date	Block	IUCR	Primary Type	Description	Location Description	Arrest	Domestic	Beat	District	Ward	Community Area	FBI Code	X Coordinate	Y Coordinate	Year	Updated On	Latitude	Longitude	Location
12260346	JE102126	01/03/2021 01:23:00 PM	070XX S EGGLESTON AVE	0486	BATTERY	DOMESTIC BATTERY SIMPLE	APARTMENT	false	true	0732	007	6	68	08B	1174496	1858251	2021	01/16/2021 03:49:23 PM	41.766435144	-87.635963997	(41.766435144, -87.635963997)
12263464	JE105797	01/03/2021 06:59:00 AM	080XX S YALE AVE	0820	THEFT	$500 AND UNDER	RESIDENCE	false	false	0623	006	17	44	06	1176011	1851718	2021	01/16/2021 03:49:23 PM	41.748473982	-87.630606588	(41.748473982, -87.630606588)
12259990	JE101773	01/03/2021 12:20:00 AM	056XX W WASHINGTON BLVD	0486	BATTERY	DOMESTIC BATTERY SIMPLE	APARTMENT	false	true	1513	015	29	25	08B	1138722	1900183	2021	01/16/2021 03:49:23 PM	41.88222427	-87.766076162	(41.88222427, -87.766076162)
12260669	JE102509	01/03/2021 08:47:00 PM	057XX S RACINE AVE	2022	NARCOTICS	POSSESS - COCAINE	STREET	true	false	0713	007	16	67	18	1169298	1866822	2021	01/16/2021 03:49:23 PM	41.79006908	-87.654768679	(41.79006908, -87.654768679)
25702	JE102438	01/03/2021 08:09:00 PM	068XX S STONY ISLAND AVE	0110	HOMICIDE	FIRST DEGREE MURDER	STREET	false	false	0332	003	5	43	01A	1188038	1860051	2021	01/10/2021 03:51:53 PM	41.771062488	-87.586270811	(41.771062488, -87.586270811)
12260241	JE101923	01/03/2021 08:54:00 AM	106XX S YATES AVE	0560	ASSAULT	SIMPLE	CHA APARTMENT	false	false	0434	004	7	51	08A	1194343	1834995	2021	01/16/2021 03:49:23 PM	41.702154047	-87.563980453	(41.702154047, -87.563980453)
12260534	JE102382	01/03/2021 04:30:00 PM	013XX W TAYLOR ST	0820	THEFT	$500 AND UNDER	APARTMENT	true	true	1231	012	28	28	06	1167677	1895707	2021	01/16/2021 03:49:23 PM	41.869367371	-87.659882148	(41.869367371, -87.659882148)
12260693	JE102549	01/03/2021 11:47:00 PM	016XX E 69TH ST	141A	WEAPONS VIOLATION	UNLAWFUL USE - HANDGUN	STREET	false	false	0332	003	5	43	15	1188317	1859560	2021	01/16/2021 03:49:23 PM	41.769708488	-87.585263769	(41.769708488, -87.585263769)
12260810	JE102660	01/03/2021 10:30:00 PM	014XX W THOME AVE	1310	CRIMINAL DAMAGE	TO PROPERTY	RESIDENCE - GARAGE	false	false	2433	024	48	77	14	1165620	1941643	2021	01/16/2021 03:49:23 PM	41.995462301	-87.666121505	(41.995462301, -87.666121505)
